department,avg_productivity,avg_work_hours
HR,0.6377135469572445,7.904761904761904
Finance,0.6939461533361988,7.656862745098039
IT,0.7293856243727982,7.337962962962964
